<ImportExportXml xmlns:xsi="http://www.w3.org/2001/XMLSchema-instance" OrganizationVersion="9.2.24124.174" OrganizationSchemaType="Standard" CRMServerServiceabilityVersion="9.2.24124.00174">
  <Entities></Entities>
  <Roles></Roles>
  <Workflows>
    <Workflow WorkflowId="{937425fe-aedf-ef11-8ee9-7c1e525df8f8}" Name="GetGithubJSON Dynamic Table">
      <JsonFileName>/Workflows/GetGithubJSONDynamicTable-937425FE-AEDF-EF11-8EE9-7C1E525DF8F8.json</JsonFileName>
      <Type>1</Type>
      <Subprocess>0</Subprocess>
      <Category>5</Category>
      <Mode>0</Mode>
      <Scope>4</Scope>
      <OnDemand>0</OnDemand>
      <TriggerOnCreate>0</TriggerOnCreate>
      <TriggerOnDelete>0</TriggerOnDelete>
      <AsyncAutodelete>0</AsyncAutodelete>
      <SyncWorkflowLogOnFailure>0</SyncWorkflowLogOnFailure>
      <StateCode>1</StateCode>
      <StatusCode>2</StatusCode>
      <RunAs>1</RunAs>
      <IsTransacted>1</IsTransacted>
      <IntroducedVersion>1.0.0.0</IntroducedVersion>
      <IsCustomizable>1</IsCustomizable>
      <BusinessProcessType>0</BusinessProcessType>
      <IsCustomProcessingStepAllowedForOtherPublishers>1</IsCustomProcessingStepAllowedForOtherPublishers>
      <PrimaryEntity>none</PrimaryEntity>
      <LocalizedNames>
        <LocalizedName languagecode="1033" description="GetGithubJSON Dynamic Table" />
      </LocalizedNames>
    </Workflow>
  </Workflows>
  <FieldSecurityProfiles></FieldSecurityProfiles>
  <Templates />
  <EntityMaps />
  <EntityRelationships />
  <OrganizationSettings />
  <optionsets />
  <CustomControls />
  <EntityDataProviders />
  <CanvasApps>
    <CanvasApp>
      <Name>fgi_dynamicadvancetablegithub_1ef6a</Name>
      <AppVersion>2025-01-31T10:19:38Z</AppVersion>
      <Status>Ready</Status>
      <CreatedByClientVersion>3.25012.14.0</CreatedByClientVersion>
      <MinClientVersion>3.25012.14.0</MinClientVersion>
      <Tags>{"primaryDeviceWidth":"1366","primaryDeviceHeight":"768","supportsPortrait":"true","supportsLandscape":"true","primaryFormFactor":"Tablet","showStatusBar":"false","publisherVersion":"3.25012.14","minimumRequiredApiVersion":"2.2.0","hasComponent":"false","hasUnlockedComponent":"false","isUnifiedRootApp":"false","sienaVersion":"20250131T093601Z-3.25012.14.0"}</Tags>
      <IsCdsUpgraded>0</IsCdsUpgraded>
      <GalleryItemId xsi:nil="true"></GalleryItemId>
      <BackgroundColor>RGBA(0,176,240,1)</BackgroundColor>
      <DisplayName>Dynamic Advance Table Github</DisplayName>
      <Description xsi:nil="true"></Description>
      <CommitMessage xsi:nil="true"></CommitMessage>
      <Publisher xsi:nil="true"></Publisher>
      <AuthorizationReferences>[]</AuthorizationReferences>
      <ConnectionReferences>{"91f79d79-a978-4c41-9373-9a7af4beae2b":{"id":"/providers/microsoft.powerapps/apis/shared_logicflows","displayName":"Logic flows","iconUri":"https://conn-afd-prod-endpoint-bmc9bqahasf3grgk.b01.azurefd.net/releases/v1.0.1725/1.0.1725.4004/logicflows/icon.png","dataSources":["GetGithubJSONDynamicTable"],"dependencies":[],"dependents":[],"parameterHints":{"workflowName":{"value":"fa4fc2f9-9088-46d0-8863-9c9bcc4dcffe"},"workflowEntityId":{"value":"937425fe-aedf-ef11-8ee9-7c1e525df8f8"},"workflowDisplayName":{"value":"GetGithubJSON Dynamic Table"}},"parameterHintsV2":{"workflowName":{"value":"fa4fc2f9-9088-46d0-8863-9c9bcc4dcffe"},"workflowEntityId":{"value":"937425fe-aedf-ef11-8ee9-7c1e525df8f8"},"workflowDisplayName":{"value":"GetGithubJSON Dynamic Table"}},"isOnPremiseConnection":false,"bypassConsent":false,"dataSets":{},"apiTier":"Standard","actions":["Run"]}}</ConnectionReferences>
      <DatabaseReferences>{"default.cds":{"databaseDetails":{"referenceType":"Environmental","environmentName":"default.cds","overrideValues":{"status":"NotSpecified"}},"dataSources":{}}}</DatabaseReferences>
      <AppComponents>[]</AppComponents>
      <AppComponentDependencies>[]</AppComponentDependencies>
      <CanConsumeAppPass>0</CanConsumeAppPass>
      <CanvasAppType>0</CanvasAppType>
      <BypassConsent>0</BypassConsent>
      <AdminControlBypassConsent>0</AdminControlBypassConsent>
      <EmbeddedApp xsi:nil="true"></EmbeddedApp>
      <IntroducedVersion>1.0</IntroducedVersion>
      <CdsDependencies>{"cdsdependencies":[{"dependencyid":"937425fe-aedf-ef11-8ee9-7c1e525df8f8","componenttype":29,"componenttypeplatformname":"Workflow"}]}</CdsDependencies>
      <IsCustomizable>1</IsCustomizable>
      <BackgroundImageUri>/CanvasApps/fgi_dynamicadvancetablegithub_1ef6a_BackgroundImageUri</BackgroundImageUri>
      <DocumentUri>/CanvasApps/fgi_dynamicadvancetablegithub_1ef6a_DocumentUri.msapp</DocumentUri>
      <AdditionalUris>
        <AdditionalUri>/CanvasApps/fgi_dynamicadvancetablegithub_1ef6a_AdditionalUris0_identity.json</AdditionalUri>
      </AdditionalUris>
    </CanvasApp>
  </CanvasApps>
  <Languages>
    <Language>1033</Language>
  </Languages>
</ImportExportXml>