{
  "properties": {
    "connectionReferences": {},
    "definition": {
      "$schema": "https://schema.management.azure.com/providers/Microsoft.Logic/schemas/2016-06-01/workflowdefinition.json#",
      "contentVersion": "1.0.0.0",
      "parameters": {
        "$authentication": {
          "defaultValue": {},
          "type": "SecureObject"
        }
      },
      "triggers": {
        "manual": {
          "metadata": {
            "operationMetadataId": "48905c1b-e110-474d-aeef-4b997ec3c60a"
          },
          "type": "Request",
          "kind": "PowerAppV2",
          "inputs": {
            "schema": {
              "type": "object",
              "properties": {},
              "required": []
            }
          }
        }
      },
      "actions": {
        "HTTP_Identities": {
          "runAfter": {},
          "metadata": {
            "operationMetadataId": "f2787aac-3169-4e7e-801c-f15be7c90082"
          },
          "type": "Http",
          "inputs": {
            "method": "GET",
            "uri": "https://raw.githubusercontent.com/PowerAppsNinjaMaker/PoC-Dynamique-Table/refs/heads/main/dynamiqueTableIdentities.json"
          }
        },
        "Respond_to_a_Power_App_or_flow": {
          "runAfter": {
            "HTTP_Organization": [
              "Succeeded"
            ]
          },
          "metadata": {
            "operationMetadataId": "cf258036-d8d9-4444-b3d8-137a6e4f7dd0"
          },
          "type": "Response",
          "kind": "PowerApp",
          "inputs": {
            "statusCode": 200,
            "body": {
              "identities": "@{body('HTTP_Identities')}",
              "organization": "@{body('HTTP_Organization')}"
            },
            "schema": {
              "type": "object",
              "properties": {
                "identities": {
                  "title": "Identities",
                  "x-ms-dynamically-added": true,
                  "type": "string"
                },
                "organization": {
                  "title": "Organization",
                  "x-ms-dynamically-added": true,
                  "type": "string"
                }
              }
            }
          }
        },
        "HTTP_Organization": {
          "runAfter": {
            "HTTP_Identities": [
              "Succeeded"
            ]
          },
          "metadata": {
            "operationMetadataId": "19c9704a-634d-42de-a61f-146246d0b6e8"
          },
          "type": "Http",
          "inputs": {
            "method": "GET",
            "uri": "https://raw.githubusercontent.com/PowerAppsNinjaMaker/PoC-Dynamique-Table/refs/heads/main/dynamiqueTableOrganization.json"
          }
        }
      }
    },
    "templateName": ""
  },
  "schemaVersion": "1.0.0.0"
}